-- phpMyAdmin SQL Dump
-- version 4.7.9
-- https://www.phpmyadmin.net/
--
-- Host: 127.0.0.1:3306
-- Generation Time: Sep 15, 2018 at 09:23 PM
-- Server version: 10.2.12-MariaDB
-- PHP Version: 7.2.4

SET SQL_MODE = "NO_AUTO_VALUE_ON_ZERO";
SET AUTOCOMMIT = 0;
START TRANSACTION;
SET time_zone = "+00:00";


/*!40101 SET @OLD_CHARACTER_SET_CLIENT=@@CHARACTER_SET_CLIENT */;
/*!40101 SET @OLD_CHARACTER_SET_RESULTS=@@CHARACTER_SET_RESULTS */;
/*!40101 SET @OLD_COLLATION_CONNECTION=@@COLLATION_CONNECTION */;
/*!40101 SET NAMES utf8mb4 */;

--
-- Database: `capstone`
--

-- --------------------------------------------------------

--
-- Table structure for table `blog`
--

DROP TABLE IF EXISTS `blog`;
CREATE TABLE IF NOT EXISTS `blog` (
  `id` int(11) NOT NULL AUTO_INCREMENT,
  `title` varchar(255) COLLATE utf8mb4_unicode_ci DEFAULT 'NULL',
  `image` varchar(255) COLLATE utf8mb4_unicode_ci DEFAULT NULL,
  `thumb` varchar(255) COLLATE utf8mb4_unicode_ci DEFAULT NULL,
  `post_id` int(11) DEFAULT NULL,
  `description` varchar(255) COLLATE utf8mb4_unicode_ci DEFAULT NULL,
  `content` longtext COLLATE utf8mb4_unicode_ci NOT NULL,
  `status_check` tinyint(1) DEFAULT NULL,
  `category_id` int(255) DEFAULT NULL,
  `like_count` int(11) DEFAULT NULL,
  `comment_count` int(11) DEFAULT NULL,
  `share_count` int(11) DEFAULT NULL,
  `comments` int(10) DEFAULT NULL,
  `likes` int(10) DEFAULT NULL,
  `rating` int(10) DEFAULT NULL,
  `item_value` float DEFAULT NULL,
  `user_id` int(10) DEFAULT NULL,
  `post_date` datetime DEFAULT NULL,
  `created_at` datetime DEFAULT current_timestamp(),
  `updated_at` datetime DEFAULT NULL,
  `is_deleted` int(1) NOT NULL DEFAULT 0,
  PRIMARY KEY (`id`)
) ENGINE=InnoDB AUTO_INCREMENT=26 DEFAULT CHARSET=utf8mb4 COLLATE=utf8mb4_unicode_ci;

--
-- Dumping data for table `blog`
--

INSERT INTO `blog` (`id`, `title`, `image`, `thumb`, `post_id`, `description`, `content`, `status_check`, `category_id`, `like_count`, `comment_count`, `share_count`, `comments`, `likes`, `rating`, `item_value`, `user_id`, `post_date`, `created_at`, `updated_at`, `is_deleted`) VALUES
(1, 'The ugly truths of life', '1', '1', 1, 'Some realities of life', 'As you get older you will not understand how some people can afford life without a job. When you can\'t even afford it with a job.\r\nIf there\'s anything a woman fear the most in a relationship is building a man for another woman.\r\nAs you grow older you realize that someone had the guts to invent the internet without needing to look anything up on the internet.\r\nSometimes people need their space. They\'re not cutting you off. They just need time to breathe and take care of themselves. It\'s got nothing to do with you.\r\nSometimes it takes losing everything you thought you needed, to gain everything you ever wanted.\r\nSome things just take time. Most people aren\'t strong enough to deal with that fact.\r\nYou\'ll never be able to grow if you\'re afraid to lose people in the process. Not everyone deserves to move forward with you. The past doesn\'t always belong in the future.\r\nWe now live in a society where it\'s easier for our parents and guardians to notice a pregnant child but not a depressed one.\r\nWe break our own hearts by thinking too much about things that aren\'t even true.\r\n', 0, 1, 12, NULL, NULL, NULL, NULL, NULL, NULL, 1, '2018-09-06 07:05:00', '2018-09-05 17:03:15', '2018-09-13 10:44:00', 0),
(2, 'ROMPERS\' a Promising Pick!!', '2', '2', 2, 'trending clothes review', 'What began as a trend for tiny tots has now found a special place in the hearts of both girls and women. The little sister of a jumpsuit, \'romper\' traces its presence first in the early 20thcentury. Americans came up with this trend for dressing up children. In contrast, French strictly followed this look for boys only.\r\n\r\nNow, for a very long time we have seen the presence of rompers in the fashion world. They have always been one of my top picks as; they are both easy and breezy. India being a continental nation suits best for this summer outfit. Designers have managed to play with it\'s patterns in various ways. The best thing about rompers is that, they very casually help in bringing out the sheek as well as the chic look in you. A good tailored fit with some eye-catching details makes it worth the penny.\r\n\r\n\r\nThe moment I put my eyes on this salmon pink romper, it had my heart. The color is perfect to beat the summer heat. I chose to complete the look with a light weight denim jacket and some golden jewelry. And for feet,either some sliders or a pair of casual shoes would do good. \r\n\r\n\r\n\r\nEven though you need no reason to dress but still,one can easily carry this look for an outing with friends, to the movies or even for a lunch. It barely takes any effort to dress in but does help one in creating a statement look. What I feel is that a good collection of rompers is a must for every girl. So don\'t let the summer pass by without any ROM-POM-POM look for you!!\r\n\r\n', 0, 2, NULL, NULL, NULL, NULL, NULL, NULL, NULL, 2, '2018-09-07 00:00:00', '2018-09-06 07:00:00', '2018-09-13 10:44:01', 0),
(3, 'My Independence Day Vow', '3', '3', 3, NULL, ' It\'s okay if you choose to walk alone\r\nIt\'s okay if you choose not to work\r\n  It\'s okay if you choose to be different\r\n      It\'s okay as long as you know it empowers you to be \'YOU\'\r\n\r\nMonth of August, a month that I confess makes me feel more powerful in my own way. Makes me feel more thankful for the air freedom I get to breathe in. By all means our ancestors managed to get us a free land but the real question is \'Are we actually INDEPENDENT?\' Today I choose to write my fashion piece in a little different way! Fashion, a word that makes us think about clothes, make up, camera, fancy lights and what not. But where it wanted to provide a platform for showcasing your talent and to be able to enjoy the freedom to portray yourself in any form there are those who try to pull others leg down.\r\n\r\nLets just try focusing on what we as humans have started to do!! Why is it so hard to accept someone just because they are different from us? And universally we stamp those persons \"being different\" as the wrong thing to be. A man deciding to dress in woman\'s clothes or a girl dressed up like some \'Tom Boy\', why is it so wrong to us!!! Who says pink is for girls and blue is for boys? We forget, labels were meant to be put on things and not people!\r\n\r\n\r\nThroughout our education years all what we have been taught is that how \"humanity\" is the biggest religion to preach. Then why do we differ on what style one chooses to dress in or what colour a person wears? For once we all need to learn to find happiness in others happiness.\r\n\r\nWe often compare our country with the culture and view points that people hold in countries like Unites States Of America, Australia etc. to ours. Even with majority of their population not even making it to college, people over there have understood one very important thing and that is \'Humanity is Above All.\' Where as we fail to do so. \r\n\r\nWe need to be more tolerant and develop the feeling of being empathetic as well as more compassionate. Even after 72 years of independence we fail to achieve independence from the old narrow thinking prevailing in our society. We, very easily mock on how others dress but why do we forget they can easily laugh back at us too. No one must judge a person just because of his or her outer appearance we must give time in actually discovering their inner version .\r\nJust the way not every person in a black coat is an advocate the same way your clothes don\'t define who you are. Lets accept that \"it\'s okay\" how each one chooses to look and fight the war of difference down.\r\n\r\nSo this Independence Day let us all pledge to free ourselves from these vicious knots of \'appearance\' and accept each other for who we are from inside and respect each human for the soul they bear.\r\n\r\n', NULL, 3, 3, NULL, NULL, NULL, NULL, NULL, NULL, 2, '2018-08-12 00:00:00', '2018-09-06 07:00:00', '2018-09-13 10:44:02', 0),
(4, 'What inspires my combinations?', '4', '4', 4, NULL, 'Hello my lovely readers!! Now I won\'t call myself someone with a lot of fashion knowledge. But my this article is solely dedicated to my readers who have clothes but are too limited in experimenting with it and creating a new look.\r\n\r\nNothing is more beautiful than our Mother Nature and we can see the way it manages to maintain a balance in creating attractive color combinations,  just remarkable!! Now it\'s either the stripes on a tiger\'s fur or mesmerizing shades in the petals of a flower, it\'s an inspiration indeed.\r\n\r\nIt\'s the colors that dominate any fashion trend. I don\'t think anyone of us would get our hands on any trending style, if its not of a color that we appreciate.\r\n\r\nNow who\'s going to be rushing for shopping in every fifteen days? Also majority of us constantly go through \"I have NO CLOTHES\" phase.  Then what can be done, that without disturbing our wallet we end up in a new look with same clothes that we have?\r\nYour wardrobe is not less than a treasure, all one needs to do is hunt it down right and turn yourself into your own best version. Perfect inspiration is all what one needs. And I draw mine from the beauty of nature that surrounds us. We must open our eyes and look around for it.\r\n\r\nFor a matter of fact why don\'t you look into your own house garden?How beautifully the white flowers look with luscious green stems and leaves.\r\nAnd hence, I ended up pairing my green khakhi pants with white cotton shirt.\r\n\r\n\r\n\r\nSame way, how cool does the blue sky look with those little white clouds. And here comes the most preffered summer look of blue denim and white T- shirt. The camouflage print that has been trending, has solely been taken up by the way forest looks.\r\n\r\nHave a look at the picture above and just observe how beautifully peach blends in with white petals of the rose also brown wings of the butterfly add a tinch to the entire theme. \r\nSo keep looking around and get yourself inspired, and I\'m sure you will be able to make more out of the clothes already with you all.\r\n', NULL, 4, NULL, NULL, NULL, NULL, NULL, NULL, NULL, 2, '2018-09-03 03:00:00', '2018-09-06 05:00:00', '2018-09-13 10:46:08', 0),
(5, 'Breaking My Shopping secrets', '5', '5', 5, NULL, 'Sipping on my coffee, sitting on bed with wardrobe wide open in front of me, oh my!!!What a moment of joy it is...\r\n\r\nNow if you are somebody who just loves clothes then let me tell you my dear friend we are just on the same page. Like any other girl I too enjoy playing the game of \'Dressing Up\'. With social media taking up and looking at our favourite celebrities even carrying the so called airport look with so much of style anyone like me would definitely fall for it.\r\n\r\nBut is it very important for us to spend thousands of money in creating that perfect look? Well I don\'t think so!! Cause all you need is just a little sense of fashion.\r\n\r\nBeing a finance student I have been studying all about making sound investments for a better future. Now why not apply the same concept here too!!Well I would like to call my purchase of every new clothing as a long-term investment. Brand or no brand they all act as asset for me.And all that pays off on the day when I\'m just perfectly dressed for the occasion.\r\n\r\n\r\nFor me this world is like a stage on which each day I play a role, so why not look good for it!!\r\nI personally don\'t believe in buying more and more clothes instead one must use the same piece of garment and style it in different ways. There is an artist somewhere hidden in all of us  but what we need to do is, wake him up and get to work.\r\n\r\nMy personal mantra in life is,\'If You Look Good, You Feel Good.\'All the confidence one acquires when dressed perfectly just can\'t be described.You automatically get the vibe of being all superior and the prettiest being int the world.\r\nFashion keeps changing but there are always those certain outfits that can never go out of trend. I prefer getting my hands mostly on neutral colors like white, grey or salmon pink. Neutrals are most soothing and also help in giving a calmer look to one\'s personality. And pairing it with gold accessory adds more elegance to the entire look. Beauty of neutrals is that they make you look more poised and composed.\r\n\r\n\r\nSo I pair my same grey sweater in so many ways and trust me its always something new to see even for my friends. I wear it with jeans or skirt or even a cute pair of shorts and I\'m all set with a new look.\r\n\r\nOn the other hand I avoid purchasing bright colours as they really don\'t play along for a long time.As a matter of fact they are way too noticeable, wearing that same pair of red jeans can be identified so easily that people actually start to think that \' hey I guess she barely has any clothes.\' And I don\'t think we want that.\r\nSince every penny earned matters a lot so I try to invest into pieces that I know will be evergreen. It\'s important for me to be a smart shopper.\r\nSo be wise and and keep rocking that look.\r\n', NULL, 4, 5, NULL, NULL, NULL, NULL, NULL, NULL, 2, '2018-09-06 03:00:00', '2018-09-06 03:00:00', '2018-09-13 10:45:58', 0),
(6, 'Are we really not happy?', '6', '6', 6, NULL, 'Time has come where we rarely come across people who are actually happy. But is that smile on face a soul proof of them being both internally and externally happy?\r\n\r\nWhat is happiness? Well, I would like to define it as a state where our mind feels free and heart feels so light that all we wish is for that moment to freeze forever and never to go.\r\n\r\nOften when we are sitting alone we think of good moments that have passed but just by recalling them brings a smile and at times also leaves a tear of joy behind.\r\n\r\nMy real question for today is Are We Really Not Happy?\r\nThe answer is a big \'YES\', for we have all the reasons to be happy.\r\nNow you might be wondering why, for there are so many problems in each one of our lives.\r\n\r\nNow let me try taking you down the memory lane. Take a moment to shut your eyes and think of all those \"FIRST\" moments. The first time you were able to ride that bicycle on two wheels without anyone\'s help, how strong and independent did it feel!!\r\n\r\nAs we start growing the rate of complains also begins to increase. People have started ignoring anything good coming to them for all the ten problems lined up on their way.\r\nWhat is more important for us, is to realize how lucky and blessed we are for all what we have.\r\n\r\nI know tough times do come and we often feel like it\'s the end of the world, but why do we forget it\'s the tough times that actually help us to realize how happy we once were. \r\n\r\nNow I won\'t promise that there will be no hard times in your life, well cause that will be a big lie but what I can promise is that there is going to be something really good happening as it ends.\r\n\r\nHere\' s a list of few things that can actually help us be to happy : -\r\n\r\n1    Start being grateful to god for all what you have.\r\n\r\n2     Count your blessings.\r\n\r\n3     Stop comparing your life with others.\r\n\r\n4     Love your family and friends.\r\n\r\n5     Enjoy your work.\r\n\r\n\r\n\r\nWhy don\'t you all share with us your hacks on being happy!!', NULL, 1, NULL, NULL, NULL, NULL, NULL, NULL, NULL, 2, '2018-09-06 04:00:00', '2018-09-06 03:00:00', '2018-09-13 10:46:00', 0),
(7, 'Life advices', '7', '7', 7, NULL, 'Everyone is temporary.\r\nLaugh with many, but don\'t trust any.\r\nHug harder, smile bigger, love longer.\r\nDon\'t change yourself for anyone.\r\nDo not give up the fight for yourself.\r\nDon\'t fall too far from yourself.\r\nYou are more than your flaws.\r\nDon\'t let the heart that didn\'t love you, keep you from the one that will.\r\nIf you two talk all the way from \"good morning\" to \"good night,\" don\'t let that person go.\r\nWe all break our rules for someone\r\nSleeping is always the best solution.\r\nWe all struggle, but never give up.\r\nWhen people can walk away from you, let them walk. Your destiny is not tied to anybody that left.\r\nTrue love has no exit signs. It\'s an on-ramp.\r\nIt\'s okay if they don\'t like you, not everyone has a good taste.\r\nNobody is worth losing yourself for.\r\nYou are what you eat. So go ahead and grab a burger!\r\nDon\'t write a book but instead start a subscription only newsletter. 20x more money plus recurring revenue.\r\nSpeaking of books, Read what you love until you love to read.\r\nIf you don\'t feel passionate about something, do something that you can take seriously instead.\r\nYou are going to make a lot of mistakes, and not learning from those mistakes is a stupid mistake you don\'t want to make.\r\nIf you can solve your problem, then what is the need of worrying? If you cannot solve it, then what is the use of worrying?\r\nDon\'t get married until you are single.\r\nEverything is better in black\r\n\r\nAnd one more thing.\r\n\r\nDon\'t forget to upvote.\r\n\r\nHopefully by now you have noticed that this is all for you.\r\n\r\nGratitude unlocks the fullness of life.', NULL, 1, NULL, NULL, NULL, NULL, NULL, NULL, NULL, 1, '2018-09-03 14:00:00', '2018-09-06 03:00:00', '2018-09-13 10:46:03', 0),
(8, 'How many eggs are safe a day?', '8', '8', 8, NULL, 'Eggs = Cholesterol = Heart Attack\r\nFor decades, there has been a general fear of risk of cholesterol from egg yolks and most of us can\'t risk eating more than 3-4 eggs per day.\r\n\r\nBut should you be scared of egg yolks ? \r\nNo. Let me explain it to you and back it up with scientific proof (because i am a geek).\r\nSo three decades back, American Heart Association ( AHA ) released a report advising to reduce consumption of fat, especially saturated fat, and cholesterol and put a limit of 300 mg daily intake of cholesterol. [1]\r\n\r\nAnd how is it related to eggs?\r\n\r\nAn egg contains 186 mg of cholesterol., Therefore, eating more than 2 eggs was a suicidal attempt.\r\nBut what if 186 mg of cholesterol in eggs isn\'t the \"CHOLESTEROL\" people think it is? Confused? Keep reading.\r\n\r\n\"CHOLESTEROL\" that people assume to be bad is not really cholesterol but lipoproteins in our body which are carriers for the real cholesterol.\r\n\r\nSo, lipoprotein is the real problem?\r\n\r\nYes, in particularly  Low density lipoprotein or LDL. It carries cholesterol inside arteries and block it, which can lead to heart attacks/strokes. Hence, at all times LDL should be low which is managed by high density lipoprotein ( or HDL ), or the good lipoprotein, by taking LDL back to liver. \r\n\r\nNow coming back to eggs, the 186 mg of cholesterol increases HDL or LDL ? \r\nAccording to research studies : it actually increases HDL or increases both LDL and HDL ( hence balanced), hence causing only positive or at least no negative effect. [2][3] \r\n\r\nThe evidence from such scientific research was so strong that recently the limit of 300mg of cholesterol was taken off by AHA and THe dietary guidelines advisory committee took cholesterol off its list of nutrients for concern. [4]\r\n\r\nSo, you shouldn\'t fear eggs anymore and are safe for most people. They are insanely high in nutrients and protein ( ~6gm ) and quite cheap ! You can include as many eggs in your diet but since they are also high in calories ( 70-80 calories) , make sure to consider you calories intake too.', NULL, 5, NULL, NULL, NULL, NULL, NULL, NULL, NULL, 3, '2018-09-05 07:05:00', '2018-09-06 03:00:00', '2018-09-13 10:46:23', 0),
(9, 'Should you workout during periods?', '9', '9', 9, NULL, 'Blood, cramps, and the most irritating  mood swings.\r\n\r\nYou can no longer convince yourself to move your butt from the couch and train them in the gym. With stomach hurting more than the pain from 100 reps of crunches [btw, 100 crunches won\'t burn belly fat], most women can\'t think of walking into the gym, let alone working out in the gym during periods.\r\nBut there is another extreme of this spectrum who believe that you shouldn\'t miss your workout no matter how bad cramps are? As a coach, I come across clients, majorly women, from both the extremities of the spectrum\r\n\r\nThey believe working out in the gym during periods will impact their gains negatively and they should abstain from working out.\r\nThey believe missing gym will stall their progress and one should fight the pain and hit the gym because of NoPainNoGains\r\nBut, which clan is the correct one? Should you go hard and train during periods or just sit back and rest at home? \r\n\r\nTo answer, it\'s almost never a black and white answer. Just like there is no \"good\" or \"bad\" food, there is no \"yes\" or \"no\" answer for this case. So, ladies, in short  It depends but to know why keep reading  \r\n\r\nClan 1  No workout since it negatively impacts progress \r\n\r\nFor those who have been missing their workouts believing training during periods will decrease their gains, here\'s a good news: no research study, so far, has found negative effects or health risks from working out during your periods. Therefore, even if you believed that somehow the hormonal changes during periods could harm your progress in the gym, fear not. There is absolutely no research to back it up, hence,  you no longer have to miss the beloved gym even during periods.\r\n\r\nClan 2  You can\'t miss workout during periods as \'No Pain No gains\' \r\n\r\nThis group of women believes in the theory that your progress in the gym will decrease if you even miss a day at the gym. They will hit gym 365 days in a year and think taking rest days or going off track with a workout routine isn\'t an option for them. If you are feeling uncomfortable from the gruesome pain from cramps but you still want to hit the gym, that\'s your personal decision but my advice would be to take a break, sit back and give your body some rest. But, won\'t sit back at home impact my gains? \r\nNo. Ladies, let me explain it to you with some maths:\r\n\r\nYou got 365 days in a year for building muscle/losing fat. \r\nNow, assuming you have normal menstruation cycle, you would get periods for 4-8 days/ 30 days.\r\n\r\nTaking an average 5 days of periods per 30 days. :\r\n\r\n(30/5)x12 = 60 day on periods/year. That\'s JUST 60 days in a year.\r\n\r\nEven if you take rest for  60days/365 days, you won\'t derail your progress. What matters more is what you are doing for the left 300 days in a year. \r\nMoreover, you can use the periods effectively to actually help you to improve your performance in the gym. How?\r\n\r\nRest during periods would allow your body to recover from the stress and help you to perform better in the gym\r\nYou can focus more on your diet which generally goes for a toss for most people.\r\nEspecially if you are on a fat loss, you should be mindful of your diet and periods are a great time for you to take care of it.  \r\n\r\nTherefore,  you won\'t hurt your gains or fat loss progress if you skip your workout but are mindful of your diet.\r\n\r\nConclusion  \r\n\r\nMenstruation cycle affect everyone differently as some might feel quite a lot of cramp pain while some might have a high degree of mood-swings. Therefore, you need to listen to your body.\r\nIf you feel extreme pain during periods, take it easy on yourself and reduce the intensity of the workout or skip it completely but make sure to stick with the diet. More importantly, don\'t feel guilty about it as it\'s quite normal.\r\nIf you still ain\'t ready to give up on working out in a gym during periods, there is a middle ground, i.e, you can skip workout during the starting days of periods, which tend to be most painful and uncomfortable, but continue with your workout for the rest of the day.\r\n \r\n\r\nPersonally, I feel better with being in the middle ground as I skip the workout on the first two days but continue with my workout routine from the third day but training in the gym during periods is a personal decision. If you want to train, definitely go to the gym but if you can\'t move your butt from the couch, you shouldn\'t be guilty about it either as you have 300 more days in a year to progress.\r\n\r\n', NULL, 5, NULL, NULL, NULL, NULL, NULL, NULL, NULL, 3, '2018-09-06 01:00:00', '2018-09-06 02:00:00', '2018-09-13 10:46:17', 0),
(10, 'Some beautiful truths of life', '10', '10', 10, NULL, 'The greatest purpose in your life right now is to be the best YOU you can be.\r\nAnd the good thing is that the answers you are looking for in the world are right inside of you.\r\nWords are powerful. The whole earth was built by words. War and peace is only made possible by words. So what are you waiting for? Say something!\r\nNobody can talk the way you talk, nobody can write the way you write. And guess what nobody can fart the way you fart. You have a unique gift to bring to the world.\r\nYou have the power to make this world a better place for you and me.\r\nWe are a family. There\'s so much more than you and I.\r\nYou can see.\r\nThere is no future in any job. The future lies in the man who holds the job.\r\nEverything that was meant to destroy you. Failed. You are a warrior. You survived the hardest battles of your life. You have made it this far.\r\nSmile.', NULL, 1, NULL, NULL, NULL, NULL, NULL, NULL, NULL, 1, '2018-09-03 00:00:00', '2018-09-06 03:00:00', '2018-09-13 16:44:12', 0),
(11, 'How do i know when someone is a good writer', '11', '11', 11, NULL, 'I know someone is a good writer when I feel extreme jealousy, envy and self hatred after I read the book.\r\n\r\nTo me it all ends in consistency. A writer must make me believe the environment what he/she wrote down. Pretty much like the movie Inception, when my subconscious mind realizes that there\'s something stranger with motives, something that doesn\'t belong there that means the writer is mediocre. I see the writer as just a person who writes then, cute. But when he/she whirls, dances, flows with consistency and after I wake up from his/her reality if I feel the urge to kill the writer; ok he/she is a good writer to me.\r\n\r\nMinimal adverbs, consistent dialogues, plain expressions are the key for me. Other than these, of course I love to see a good plot, characters which I can build a connection and a root idea which I need to see that root was there in the writer\'s very gut for quite a time and he/she had no other choice other than to take a shit. Like, as far as I remember, Vasconcelos stated;\r\n\r\nI wrote this book in 12 days, but I carried it for 20 years in my heart.\r\n\r\nAnd it was clearly visible for readers.\r\n\r\nAverage writers are blessings for any person who likes to write. Xanax can help you with reducing syndromes of anxiety, but average writers manage to postpone the incidence for a good amount of time.', NULL, 1, NULL, NULL, NULL, NULL, NULL, NULL, NULL, 3, '2018-09-06 07:05:00', '2018-09-06 03:00:00', '2018-09-13 10:48:50', 0),
(12, 'What people should know about marriage?', '12', '12', 12, NULL, 'My advices will be based on Turkish Civil Law.\r\n\r\nIf you have an Oedipus complex, stay away from marriage. Many divorce cases filed by women have the reason of this unnatural competition between a wife and a mother. So, if you really believed that it\'s real when your mother called you as \"her lion, her ram, her handsome, her one and only, her prince\" you shouldn\'t even have a driver licence, let alone marriage.\r\nIf you have an Electra complex, stay away from marriage. Many divorce cases filed by men have the reason of feeling impossible to satisfy the wife and lack of appreciation due to a neverending comparison between father/brothers and the husband. So, if you really believed that it\'s real when your father called you as \"his sweetheart, his princess, his snow white, his stardust\" you shouldn\'t even have a driver licence, let alone marriage.\r\nPut a distance between your parents\' family and your own. Your parents are important for you, of course, but you\'re a candidate for being a parent yourself. Mark your territory, be just when it comes arguments about these topics.\r\nIf you\'re not sexually attracted to your future spouse, stay away from marriage. You must have sexual intercourse with your spouse and that intercourse should be eligible to be considered as satisfactory under normal circumstances. If you\'ll fail, you\'ll be the one to be blamed.\r\nDo not throw away bills paid by you. If you\'re the only one who pay the bills, do the transactions via your bank account. In one of my cases, my client, just like a true Turk, gave the whole financial responsibility to his wife who was not working all the time. And the lady presented 2 folders of bills in the courtroom. Documentary evidence beats discretionary proofs most of the time.\r\nNever, ever, ever think about to get marry if you can\'t handle your aggression.\r\nIf you\'re physically or emotionally abused, don\'t stay silent. Cry to your friend, go to police, make your phone ready to record for next time. Abusive behaviour doesn\'t change, it\'ll happen again. Tell your problems, make people hear. You\'ll need those. And believe me you\'re not alone. Same goes for men, don\'t ever think about to grow the man-up about this topic.\r\nChildren under 12 years old, most probably will stay with mother. Unless other party can prove that she\'s an abuser, living a despicable life (prostitution, alcoholism etc.) or a criminal. If they\'re over 12, court can take children\'s words more seriously but still all parents will have rights to see the children and other party can put custodian in jail if he/she rejects to oblige court order.\r\nUnless the wife is clearly more blameable than the husband (like attempted murder, gross insults, fornication) he will pay welfare allowence because he harmed her expected economic earnings.\r\nHusband will almost definitely have to pay child support for children. Unless they are already living with their father or he\'s seriously broke while woman is earning much more than him.\r\nMales, I\'m talking to you now. Never openly support your wife\'s wish to be a housewife, even if you want to. Publicly encourage her to work, with praising her working abilities. Otherwise, you\'ll be accused of her failed career and it works.\r\nIf you receive blackmail calls, report them immediately to police. Because most probably you\'ll have serious false accusations soon. Child abuse, drug abuse, prostitution, violence, rape choose your pick.\r\nFor God\'s sake, don\'t be passive-aggressive and don\'t keep score about who did what and when and try to justify your faults via these records. It\'s not a competition, you should be a team.\r\nBoth parties have their right to fart from time-to-time. But don\'t play Terrance and Philip unless your spouse is eager to. It can be a divorce reason.\r\nBrush your teeth. Bad breath is a divorce reason.\r\nOnly legal advantage which you can\'t have without a marriage is being a legal inheritor with a reserved portion. Other things can be handled very easily. Know this.\r\nGive your spouse the space he/she needs. It\'s a legal right.\r\nDon\'t become indifferent to your spouse after you start to pop out babies. Marriage is not animal husbandry/selective breeding. It\'s more like a company.\r\nDon\'t try to gain support of your children with harming other parent\'s authority. Don\'t involve them. But if your spouse have this skill and it doesn\'t seem he/she will change this horrible attitude, outperform him/her. You\'ll have an egocentric and histrionic personality child, but most probably your divorce case will go better. You can have another child, let this one becomes an artist due to his daddy/mommy issues. (I\'m not famous with my humor, sorry.)\r\nIf you can\'t imagine plucking your husband\'s hair grows in his ears or cheering with your wife\'s day by day growing Attila style mustache, reconsider your decision. There can be a time when you have to change his diaper in hospital or kiss her half burned lips without hesitation. In sickness and health ladies and gentlemen, words have meanings.', NULL, 1, NULL, NULL, NULL, NULL, NULL, NULL, NULL, 4, '2018-09-05 00:00:00', '2018-09-06 03:00:00', '2018-09-13 10:48:54', 0),
(13, 'My favourite word in Turkish', '13', '13', 13, NULL, 'For me, it\'s ozlemek (to miss someone/something) but it has a story.\r\n\r\nWhen I was studying Greek about 4 or 5 years ago, I noticed a similarity with German for this verb\'s logic.\r\n\r\nAs far as I remember, in Greek, if you want to say someone \"I miss you\" you say \"mou leipeis.\" Which is actually interesting because the subject is not me, it\'s you. It\'s like, you\'re lacking to me. In Turkish, it has a great, poetic translation. \"Bana eksiksin.\" So I thought that, it\'s exactly like German \"du fehlst mir.\" But in German you can say either \"ich vermisse dich\" or \"du fehlst mir.\" I mean subject can be I or you.\r\n\r\nAs you can see, there\'re two approaches. One is like, missing something. Like in English and German \"ich vermisse dich.\" I, as an active object, shoot and miss the target. I didn\'t like this version, it was too simple.\r\n\r\nBut mou leipeis and du fehlst mir were very different logically. I\'m not proud of my nationality, I wouldn\'t be proud if I would be English, Persian, Australian Aboriginal, Algerian etc either. But I love my language, that\'s for sure. This was one of the rare moments that I actually become jealous with another word. Turks are pretty good at inventing or adapting words. I thought that, even the longing is a huge topic for Turks, we couldn\'t find a good expression like this. But then I realized.\r\n\r\nOzlemek comes from the root oz, which means the core or self. This suffix -le/-la means that I do something with the root word. Like,\r\n\r\nsu  water / su-la-mak  watering.\r\n\r\nsus  ornament / sus-le-mek  adorn.\r\n\r\nSo actually Turkish mind, when it comes to missing a person, thinks like \"you\'re my core, my self and I\'m looking for me who looks like you.\"\r\n\r\nNo wonder why Turks are well-known with their possesive nature for their beloved ones.', NULL, 6, NULL, NULL, NULL, NULL, NULL, NULL, NULL, 4, '2018-09-03 00:00:00', '2018-09-06 06:00:00', '2018-09-13 10:48:56', 0),
(14, 'Some dark things life showed me', '14', '14', 14, NULL, 'Life lived for tomorrow will always be a day away from being realized.\r\nYou will never stub your toe standing still. The faster you go, the more chance there is of stubbing your toe, but the more chance you have of getting somewhere.\r\nNot every thing that is faced can be changed. But nothing can be changed until it is faced.\r\nA bend in the road is not the end of the road unless you fail to make the turn.\r\nOur choices will lead to either the pain of self-discipline or the pain of regret.\r\nBe interested in the unknown, and the only path to the unknown is through breaking barriers, an often-painful process.\r\nYour circumstances don\'t define you. They are outside of you and need not negatively impact your values and standards.\r\nDon\'t ask yourself the wrong questions: How hard will my new job be? What will my friends think if they see me making hamburgers in a quick-service restaurant?\r\nNothing creates a greater gap between successful and unsuccessful people than the choices we make.\r\nIt\'s important to remember that while we don\'t always get what we want, we always get what we choose.\r\nwhen it comes to choices, never say never. Never is a long, undependable thing and life is too full of rich possibilities to have that kind of restriction placed upon it.\r\nEach success only buys an admission ticket to a more difficult problem.\r\nThe price of anything is the amount of life you exchange for it. You give part of your life to receive something back.\r\nThere is no future in any job. The future lies in the man who holds the job.\r\nThere are no shortcuts to anyplace worth going.\" Instant gratification and personal growth are incompatible.\r\nIf you always put limits on everything you do, physical or anything else, it will spread into your work and into your life. There are no limits. There are only plateaus, and you must not stay there, you must go beyond them.\r\nA drinker doesn\'t just drink alcohol. They develop a whole identity around drinking. It changes their social life, their eating and sleeping habits, how they see themselves and others. They become \"the drinker\" to their colleagues, friends and family. They develop a relationship with alcohol the same way you and I develop a relationship with a pet or food (foodies don\'t get offended).\r\nWhen someone decides to \"change\" themselves and quit alcohol, they are essentially attempting to \"change\" their entire identity - all of the relationships, habits, and assumptions that have gone into X years of doing a singular thing. No wonder why AA meetings fail most often.', NULL, 1, NULL, NULL, NULL, NULL, NULL, NULL, NULL, 1, '2018-09-05 00:00:00', '2018-09-06 02:00:00', '2018-09-12 13:51:29', 0),
(15, 'What does Turkish people think of Albanian people?', '15', '15', 15, NULL, 'I just came from Kosovo to Istanbul and because of there are already nice answers about Turkish view on Albanians, I\'ll just talk about my personal opinions.\r\n\r\nFirst of all, it\'s very positive.\r\n\r\nI\'m amazed by their hospitality and language skills. I guess there\'s something about Albanian language because I don\'t believe that a great sum of Albanians can speak foreign languages because they mostly work abroad. I know so many Turks who work abroad and only half of them can speak a foreign language like a default Albanian do. I find Albanians very talented about this topic.\r\n\r\nAs a secular person, my positive view about Albanians is not about religion at all. And also not much because of history. I actually respect and appreciate Skanderbeg more than most of Albanian statesmen during Ottoman period. Seriously, if Albania would be a great topic, Hollywood would shoot a movie about Skanderbeg and it would be way better than Braveheart.\r\n\r\nI know that it can be a weird statement for Albanians, so please forgive me but I like Enver Hoxha too. I don\'t know, he represents what we call in Turkey as \"Albanian vein\" very well.\r\n\r\nI like Albanians\' way to be religious, no matter if they\'re Christian or Muslim.\r\n\r\nI adore Albanian flag. Sometimes I find Albanians too nationalistic but I got it, it\'s a Balkan national sport to be a nationalist.\r\n\r\nAlso it doesn\'t matter; men and women, very beautiful people. For me it\'s easy to recognize Slavic features or Illyrian - Mediterranean and I can say that physical features of Albanians are great in my opinion.\r\n\r\nI also like Albanian traditional music, but I can\'t find too many differences from other Balkan countries.\r\n\r\nAnd I like their way to stay Albanian abroad but still manage to adapt to a new country very succesfully. Since when I was a child, whenever I meet with an Albanian or Albanian descended person; we get along very well also.\r\n\r\nTo sum up; a very helpful, hospitable, stubborn, hard working and beautiful people.', NULL, 7, NULL, NULL, NULL, NULL, NULL, NULL, NULL, 4, '2018-09-03 00:00:00', '2018-09-06 03:00:00', '2018-09-13 10:49:02', 0),
(16, 'Some views of Turkish People', '16', '16', 16, NULL, 'There\'re 3 main reasons for that and will try to explain them one by one. About political view, I\'m a Turkish secular, social-democrat, voted also for Kurdish independent candidates and BDP most of the time, except last elections.\r\n\r\n1- EU humiliated Turkey for years and years.\r\n\r\n2- EU never understood or was able to empathize Turkey\'s situation.\r\n\r\n3- Economically, I don\'t see any benefits.\r\n\r\nWe all know that Turkey had humanitarian and economical issues back in 90\'s or before. But I believe Turkey worked very hard to make them right. Turkish side accepted the Kofi Annan\'s plan for Cyprus when Greek part denied it. Turkey became a tiger economy and very liberal about economics. Turkey accepted Kurds\' right to speak and learn Kurdish, made legal reforms which make them able to open courses about Kurdish language. Turkey didn\'t act actively against Kurdish seperatist movement when they lost their leadership and weren\'t able to fight. Even that the most of the population of it nationalistic, Turkey simply tolerated most of the acts for a quite time. Turkey kicked the death penalty out of its legal system. Turkey said \"let\'s open the archives and talk about Armenian Genocide (which I don\'t deny it\'s existance, but I can tell why don\'t most of the Turks accept it)\" when Armenian side said; \"no, first you should accept the genocide.\" Turkey could be a great example for rest of the Muslim world with its secular constitution and public institutions.\r\n\r\nWhat Turkey get from EU? Not a single appreciation at least for the efforts. Only more and more criticism and obstacles. During those times EU accepted Bulgaria, Romania and Croatia. Really? Didn\'t Croatia have any humanitarian issues? Were Bulgaria and Romania economically advanced as Turkey? Even during the Brexit campaign, politicians used Turkey as a source of fear. EU made it so hard for real democrat people to defend the democracy. Because vast population of Turkey just saw them as cowards and they became more and more nationalist with time.\r\n\r\nWhen Erdogan was in prison because of he said; \"domes are our helmets, minarets are our bayonets\" EU intervened and called these lines as \"freedom of speech.\" Can I say something like this as a politician in EU now? Or can I say \"heil Hitler\" in Germany in a political meeting? EU backed political Islam in Turkey. EU never tried to understand Turkey\'s harsh past with this ideology. I was always against the ban of headscarf in Turkey, especially at those times. But EU critisized it so harsh and mercilessly also put this situation always to negotiation table. Now we\'re receiving news from Europa about this matter, right?\r\n\r\nAbout Kurdish seperatist movement, both sides made opposition more and more radical with time. I support at least Kurdish autonomy. Do I support Kurdish independence? If I support this, does it mean that Kurds who live in Western Turkey should go to Kurdistan? What about mixed marriages which we\'ve plenty? What about Erdogan supporting Kurds, which they\'re almost the half of them? Erdogan first elected from a Kurdish city for example. If there would be referandum amongst Kurds, do you think that most of the Kurds in Turkey would choose independence? If most of them choose independence, what would be the Kurds who want to stay in Turkey?\r\n\r\nAlso about Kurdish situation, I\'m so disturbed by seeing Kurdish guerillas as \"secular freedom fighters\" in European newspapers. Even amongst HDP voters, %55 of the Kurds define themselves as religious Sunni muslims. The area is very religious itself. This percentage goes higher when it comes to Erdogan supporting Kurds. Using some female YPG fighters doesn\'t make vanish the mysogynistic views of PKK\'s leadership. Just google \"ocalan about women\" and listen his ideas.\r\n\r\nAbout terrorist acts. I don\'t care about ideology, but if you stick C-4 to your body and explode it amongst civilians, it\'s very easy for me to call you as a terrorist. And there\'s nothing to discuss here. I guess because of in EU there weren\'t too many terrorist actions, it was easy for them to talk. Even IRA or ETA is uncomparable to acts of PKK. EU always hesitated to call them as terrorists. Now, as a rule of universe, Turkey became more and more radicalized. Action vs. reaction. Now the state has every excuse for regular Turks to take extraordinary measures. EU left Turkey alone about this topic. I don\'t know how many EU citizens witnessed a bombing or felt their windows are shaking because of a bomb blast. I did.\r\n\r\nIn my opinion Turkey under Erdogan\'s administration backed Jihadists, that\'s true. I\'m not sure that if they backed directly ISIS or other groups though. But I need to say that Western world did exactly the same at the beginning. You don\'t have borders with Syria, when you decide to cut them loose, it\'s easy. For Turkey, it\'s not. Assad was a mean dictator for EU, now with ISIS everything\'s changed. And you know what? Turkey didn\'t participate in occupation of Iraq which made people of that region very radical. Many of EU countries did. Now with that power vacuum, there\'re barbarious hordes of radical muslims there. And who gets the refugees? 3 million of them lives in Turkey while the EU tries to negotiate about closing or opening borders of Turkey. This war wasn\'t Turkey\'s fault and EU takes no responsibility at all. Still critisizing Turkey about refugees, while Turkish people themselves don\'t live in very good conditions.\r\n\r\nWhile EU grants for tourists from Georgia and Ukraine touristic visa freedom, same EU highly objects to grant this to Turks. It\'s touristic visa people, not working or residence permit. But EU politicians even use this topic as a source of fear like \"Turks will come and stay forever.\" Well, surprise; you\'re not that precious and we\'re not that desperate. These so called European values seem like only about 60 euros and a nice bank account. I can give it as a charity if you need it that much. It was heartbreaking once, now just plain unjust and stupid.\r\n\r\nI\'m not gonna talk about economic matters, but shortly I don\'t want to return my country to another cheap touristic destination for rich EU countries like Croatia or Greece did. I want my farmers are to be able to compete with EU farmers at least in their own country. I want my heavy industry not bankrupt because of they\'re not able to subvanse themselves like German ones do and work without a limit in Turkey.\r\n\r\nShortly; EU should just say to Turks; \"F. you, you don\'t belong here, you camel rider, carpet seller, barbarian Orc from Mordor.\" Now secular citizens of Turkey are feeling more and more alone everyday with witnessing not only Turkey but also EU starts to deal with right wing extremist opinions. From the States, Trump is a very good example how Turkey changed rapidly. We\'ll see what time\'ll show.\r\n\r\n', NULL, 7, NULL, NULL, NULL, NULL, NULL, NULL, NULL, 4, '2018-09-03 00:00:00', '2018-09-03 00:00:00', '2018-09-13 10:49:23', 0),
(17, 'Anti-intellectualism in Turkey', '17', '17', 17, NULL, 'Yes it\'s.\r\n\r\nNowadays in Turkey, the most important thing to get respect is money. Our society is praising uneducated, opportunist building contractors; demagogues, every person who uses ad hominem arguements with a loud voice etc. There\'s still an ongoing purge on academics. Common people realize that knowledge means nothing if you compare it with money or political power. And also they realize that knowledge has almost no effect on living with better conditions. Let me quote a famous phrase from high schools which I guess every Turk knows; \"but what use does this information have in real life?\" For a huge sum of Turks, educated people have no use and also they don\'t know anything about \"real\" life. Our Minister of National Education is our ex Minister of National Defence and actually his degrees are mainly on Maritime Law.\r\n\r\nI don\'t know the nationality of the person who asks this question but I wonder if in his/her own language the words like \"artist\" or \"intellectual\" have contemptuous meanings. Because in Turkish language there are. Like;\r\n\r\n-Are you an artist? (Meaning: You swagger!)\r\n\r\n-Don\'t speak intellectual. (Meaning: Don\'t twaddle.)\r\n\r\n-Don\'t do jazz to me. (Meaning: Don\'t talk gibberish to me, be honest.)\r\n\r\nI\'ve so much to say about this topic actually but let me finish with a quote from an Imam who prays at the funeral of a close friend of President of Turkey.\r\n\r\n\"O Lord, protect us from every kind of evil, especially from the educated ones.\"\r\n\r\nPresident and many of statesmen were attending this funeral. Nobody asked to that guy, what the hell he was talking about. I hear these kind of reactions mostly from poor people at least once in a week. From taxi drivers, waiters, public servants etc.\r\n\r\nAnd the answer of your second question is simple. The (not so) long term effects will be a brain drain. It\'s happening now and it\'ll accelerate. I\'ve many intellectual friends who left the country and most of them don\'t think about to come back. And so many of them are planning or evaluating their options. I\'m talking about the most patriotic ones. They just feel that they\'re not wanted, they\'re not liked, they\'re not appreciated by the people. They just feel hatred and limitations towards themselves. So I can\'t blame them.', NULL, 7, NULL, NULL, NULL, NULL, NULL, NULL, NULL, 4, '2018-09-06 04:00:00', '2018-09-06 07:00:00', '2018-09-13 10:49:26', 0),
(18, 'The most addictive book I ever read', '18', '18', 18, NULL, 'The most addictive book? I\'m not sure if this means a book which I read over and over again or a book which I read continuously until morning and finished. If I like a book, I simply can\'t stop reading until I collapse, so there\'re many candidates for the latter. That\'s why, I\'ll answer first version.\r\n\r\n\r\nI adore John Fante, that\'s no secret. But in Wait Until Spring, Bandini, the plot is very similar to what and how I lived in the year 1996. I guess, I read this book well over a dozen times.\r\n\r\n\"Arturo Bandini was pretty sure that he wouldn\'t go to hell when he died. The way to hell was the committing of mortal sin. He had committed many, he believed, but the confessional had saved him. He always got to confession on time  that is, before he died. And he knocked on wood whenever he thought of it  he always would get there on time  before he died. So Arturo was pretty sure he wouldn\'t go to hell when he died. For two reasons. The confessional, and the fact that he was a fast runner.\"\r\n\r\nOther candidates would be Zorba from Nikos Kazandzakis and Peter Pan from J. M. Barrie for sure.\r\n\r\n', NULL, 8, NULL, NULL, NULL, NULL, NULL, NULL, NULL, 4, '2018-09-02 00:00:00', '2018-09-05 00:00:00', '2018-09-13 10:49:29', 0);
INSERT INTO `blog` (`id`, `title`, `image`, `thumb`, `post_id`, `description`, `content`, `status_check`, `category_id`, `like_count`, `comment_count`, `share_count`, `comments`, `likes`, `rating`, `item_value`, `user_id`, `post_date`, `created_at`, `updated_at`, `is_deleted`) VALUES
(19, 'Some best lessons of life', '19', '19', 19, NULL, 'There are two ways of becoming a first born. By birth and by becoming the richest sibling.\r\nNo one has ever received an award for best wedding. Don\'t kill yourself with debt. Small wedding, big honeymoon.\r\nAlways Remember Nobody Cares About The Truth When The Lie Is More Entertaining.\r\nTake the sex away and you\'ll come to realize that not many individuals have much to offer. This generation is so pressed for physicality that you all forget mentality creates the bond and forms longevity.\r\nNo offense but purposefully negative people are boring and draining as hell and not nearly as interesting as they think they are.\r\nPositive energy won\'t always get you what you want, but it\'s better than being a salty bitch about it.\r\nI wish I met some people a little earlier, some a little later & some never at all. But I\'m grateful because every single one gave me insight that I use today.\r\nDon\'t play the victim when you created the problem.\r\nSome people are mad at you because you aren\'t suffering the way they expected you to.\r\nI honestly believe when we help the poor, we should leave cameras at home.\r\nNetworking will get you a job faster than your degree will.\r\nIf you have a bad attitude change, for goodness sake change... Stop looking for who will love you the way you\'re. Nobody loves nonsense!\r\nThe older you get the more you appreciate just chilling at home doing nothing.\r\nThe scariest thing in this world is you never know someone\'s true intentions with you.\r\nWhen you ask a dude why he like you & he like when \"idk you just different\" lying ass, just shut up or when they wanna hear how you feel so you pour your heart out then they hit you back with \"I feel the same\"\r\nWhatever you do, don\'t run back to what broke you.\r\nMy definition of \"broke\" is i got money but it\'s not to spend.\r\nIt\'s definitely okay to say \"you know what, this isn\'t making me happy\" and to walk away from whatever or whoever is keeping you from the happiness you deserve', NULL, 1, NULL, NULL, NULL, NULL, NULL, NULL, NULL, 1, '2018-09-03 00:00:00', '2018-09-06 06:00:00', '2018-09-13 10:49:33', 0),
(20, 'Hard truths', '20', '20', 20, NULL, 'Nothing changes without pressure.\r\nSuccess in anything is tied less to knowledge or talent, and tied more to action supplemented by knowledge and talent.\r\nThe mind will not always remember exactly what happened but the heart will remember how it felt.\r\nLife is short. Spend it with people who make you feel alive.\r\nPeople do not notice the things we do for them until we stop doing them.\r\nThe life in front of us is way better than what is left behind.\r\nEveryone you meet has a lesson to teach you.\r\nBe careful when you open up to people. Only a few care. The rest just want someone to have something to talk about.\r\nLearn how to put your goals before your feelings. Chasing love will leave you unfocused, broke and stupid.\r\nNobody is afraid of heights. They are afraid to fall. Nobody is afraid to say I love you. They are afraid of the answer.\r\nYou can\'t be strong all the time, sometimes you just need to be alone and let the tears out.\r\nAnd remember : Know the difference between enjoying your youth and destroying your future.\r\nPeople have a right to have their opinion, but you have a right to ignore it. People have a right to be rude, but you have a right to stay happy.\r\nWhen people dump things on you, keep your lid on. Don\'t let that get in you. When you\'re tempted to get upset or frustrated, remind yourself that you have the power to remain calm.\r\nNo one can take your joy. That means you control your joy. Nothing can take it from you; you have to give it away.\r\nYou can\'t count on people to cheer you on and keep you built up. You have to learn how to encourage yourself.', NULL, 1, NULL, NULL, NULL, NULL, NULL, NULL, NULL, 1, '2018-09-05 00:00:00', '2018-09-05 00:00:00', '2018-09-12 13:51:25', 0),
(21, 'abc', NULL, NULL, 74, 'bjjhvbh', 'bvhvvj', 1, 1, NULL, NULL, NULL, NULL, NULL, NULL, NULL, 1, '2018-09-03 00:00:00', '2018-09-12 11:39:57', '2018-09-12 13:51:34', 0),
(22, 'bkjbjb', NULL, NULL, 45, 'nmnbjkbk', 'bnbhbh', 1, 5, NULL, NULL, NULL, NULL, NULL, NULL, NULL, 2, '2018-09-03 00:00:00', '2018-09-12 12:04:29', '2018-09-13 13:33:41', 1),
(23, 'jbbhbhk', NULL, NULL, 45, 'nmb nmb', 'bnmbnv', 1, 5, NULL, NULL, NULL, NULL, NULL, NULL, NULL, 2, '2018-09-03 00:00:00', '2018-09-12 12:06:03', '2018-09-12 13:51:43', 0),
(24, 'abcdef', NULL, NULL, 125, 'bhjvj', 'bjvgjvgj', 1, 1, NULL, NULL, NULL, NULL, NULL, NULL, NULL, 3, '2018-09-13 00:00:00', '2018-09-13 09:43:19', '2018-09-13 10:49:19', 0),
(25, 'nbvhj', NULL, NULL, 21, 'jbkbh', 'bhvhv', 1, 2, NULL, NULL, NULL, NULL, NULL, NULL, NULL, 2, '2018-09-13 00:00:00', '2018-09-13 10:31:43', '2018-09-13 10:49:44', 0);

-- --------------------------------------------------------

--
-- Table structure for table `category`
--

DROP TABLE IF EXISTS `category`;
CREATE TABLE IF NOT EXISTS `category` (
  `category_id` int(11) NOT NULL AUTO_INCREMENT,
  `name` varchar(255) CHARACTER SET utf8mb4 COLLATE utf8mb4_unicode_ci NOT NULL,
  `image` varchar(255) CHARACTER SET utf8mb4 COLLATE utf8mb4_unicode_ci NOT NULL,
  `description` longtext CHARACTER SET utf8mb4 COLLATE utf8mb4_unicode_ci NOT NULL,
  PRIMARY KEY (`category_id`)
) ENGINE=InnoDB AUTO_INCREMENT=9 DEFAULT CHARSET=latin1;

--
-- Dumping data for table `category`
--

INSERT INTO `category` (`category_id`, `name`, `image`, `description`) VALUES
(1, 'Life and Living', 'life_and_living', 'Are you interested in knowing about life lessons? or other people\'s views about life? Then read these posts.'),
(2, 'Trends', 'trends', 'If you want to know about latest trends in the market'),
(3, 'Motivational', 'motivational', 'Are you feeling a need to get motivation? Then read these posts.'),
(4, 'Fashion', 'fashion', 'Are you interested in fashion trends? clothes? Read on..!'),
(5, 'Fitness', 'fitness', 'Do you want to know the fitness secrets? Read on from fitness experts.'),
(6, 'Writing', 'writing', 'Are you interested in writing? or becoming a writer? Read on to get to know the secrets.'),
(7, 'People', 'people', 'Interested in knowing about the life of people? or secrets of different people?'),
(8, 'Reading', 'reading', 'Are you reader? Then you will love these.');

-- --------------------------------------------------------

--
-- Table structure for table `comments`
--

DROP TABLE IF EXISTS `comments`;
CREATE TABLE IF NOT EXISTS `comments` (
  `id` int(11) NOT NULL AUTO_INCREMENT,
  `blog_id` int(11) NOT NULL,
  `user_id` int(11) NOT NULL,
  `comment` mediumtext CHARACTER SET utf8mb4 COLLATE utf8mb4_unicode_ci NOT NULL,
  `date_posted` datetime NOT NULL,
  `likes_count` int(11) NOT NULL,
  `dislikes_count` int(11) NOT NULL,
  `reported` tinyint(1) NOT NULL,
  `deleted` tinyint(1) NOT NULL,
  `created_at` datetime NOT NULL DEFAULT current_timestamp(),
  `updated_at` datetime NOT NULL,
  PRIMARY KEY (`id`)
) ENGINE=InnoDB DEFAULT CHARSET=latin1;

-- --------------------------------------------------------

--
-- Table structure for table `contact`
--

DROP TABLE IF EXISTS `contact`;
CREATE TABLE IF NOT EXISTS `contact` (
  `name` varchar(255) CHARACTER SET utf8mb4 COLLATE utf8mb4_unicode_ci NOT NULL,
  `subject` varchar(255) CHARACTER SET utf8mb4 COLLATE utf8mb4_unicode_ci NOT NULL,
  `email` varchar(255) CHARACTER SET utf8mb4 COLLATE utf8mb4_unicode_ci NOT NULL,
  `comment` varchar(255) CHARACTER SET utf8mb4 COLLATE utf8mb4_unicode_ci NOT NULL,
  `created_at` datetime NOT NULL DEFAULT current_timestamp(),
  `updated_at` datetime DEFAULT NULL
) ENGINE=InnoDB DEFAULT CHARSET=latin1;

--
-- Dumping data for table `contact`
--

INSERT INTO `contact` (`name`, `subject`, `email`, `comment`, `created_at`, `updated_at`) VALUES
('Navdeep Dhindsa', 'bhbhj', 'ndhindsa94@gmail.com', 'jhvh              ', '2018-09-15 13:00:30', NULL),
('Navdeep Dhindsa', 'bhbhj', 'ndhindsa94@gmail.com', 'jhvh              ', '2018-09-15 13:02:04', NULL),
('Navdeep Dhindsa', 'jbhjvhj', 'ndhindsa94@gmail.com', 'hvjhghv              ', '2018-09-15 13:02:15', NULL);

-- --------------------------------------------------------

--
-- Table structure for table `library`
--

DROP TABLE IF EXISTS `library`;
CREATE TABLE IF NOT EXISTS `library` (
  `id` int(11) NOT NULL AUTO_INCREMENT,
  `blog_id` int(11) NOT NULL,
  `user_id` int(11) NOT NULL,
  `created_at` datetime NOT NULL DEFAULT current_timestamp(),
  `updated_at` datetime NOT NULL DEFAULT current_timestamp(),
  PRIMARY KEY (`id`)
) ENGINE=InnoDB AUTO_INCREMENT=9 DEFAULT CHARSET=latin1;

--
-- Dumping data for table `library`
--

INSERT INTO `library` (`id`, `blog_id`, `user_id`, `created_at`, `updated_at`) VALUES
(1, 1, 7, '2018-09-14 13:59:50', '2018-09-14 13:59:50'),
(2, 3, 7, '2018-09-14 13:59:50', '2018-09-14 13:59:50'),
(3, 2, 7, '2018-09-14 14:30:09', '2018-09-14 14:30:09'),
(4, 5, 7, '2018-09-14 14:31:22', '2018-09-14 14:31:22'),
(5, 1, 7, '2018-09-14 14:33:10', '2018-09-14 14:33:10'),
(6, 3, 7, '2018-09-14 14:33:10', '2018-09-14 14:33:10'),
(7, 1, 7, '2018-09-14 14:49:08', '2018-09-14 14:49:08'),
(8, 3, 7, '2018-09-14 14:49:08', '2018-09-14 14:49:08');

-- --------------------------------------------------------

--
-- Table structure for table `users`
--

DROP TABLE IF EXISTS `users`;
CREATE TABLE IF NOT EXISTS `users` (
  `user_id` int(11) NOT NULL AUTO_INCREMENT,
  `first_name` varchar(25) CHARACTER SET utf8mb4 COLLATE utf8mb4_unicode_ci DEFAULT NULL,
  `last_name` varchar(25) CHARACTER SET utf8mb4 COLLATE utf8mb4_unicode_ci DEFAULT NULL,
  `age` int(3) DEFAULT NULL,
  `street` varchar(40) CHARACTER SET utf8mb4 COLLATE utf8mb4_unicode_ci DEFAULT NULL,
  `city` varchar(40) CHARACTER SET utf8mb4 COLLATE utf8mb4_unicode_ci DEFAULT NULL,
  `province` varchar(40) CHARACTER SET utf8mb4 COLLATE utf8mb4_unicode_ci DEFAULT NULL,
  `postal_code` varchar(7) CHARACTER SET utf8mb4 COLLATE utf8mb4_unicode_ci DEFAULT NULL,
  `country` varchar(40) CHARACTER SET utf8mb4 COLLATE utf8mb4_unicode_ci DEFAULT NULL,
  `email` varchar(40) CHARACTER SET utf8mb4 COLLATE utf8mb4_unicode_ci DEFAULT NULL,
  `phone` varchar(25) CHARACTER SET utf8mb4 COLLATE utf8mb4_unicode_ci DEFAULT NULL,
  `password` varchar(255) CHARACTER SET utf8mb4 COLLATE utf8mb4_unicode_ci DEFAULT NULL,
  `description` varchar(255) CHARACTER SET utf8mb4 COLLATE utf8mb4_unicode_ci DEFAULT NULL,
  `image` varchar(255) CHARACTER SET utf8mb4 COLLATE utf8mb4_unicode_ci DEFAULT NULL,
  `created_at` datetime NOT NULL DEFAULT current_timestamp(),
  `updated_at` datetime DEFAULT NULL,
  `is_admin` tinyint(4) NOT NULL DEFAULT 0,
  PRIMARY KEY (`user_id`),
  UNIQUE KEY `email` (`email`)
) ENGINE=InnoDB AUTO_INCREMENT=13 DEFAULT CHARSET=latin1;

--
-- Dumping data for table `users`
--

INSERT INTO `users` (`user_id`, `first_name`, `last_name`, `age`, `street`, `city`, `province`, `postal_code`, `country`, `email`, `phone`, `password`, `description`, `image`, `created_at`, `updated_at`, `is_admin`) VALUES
(1, 'Takudzwa', 'Razemba', 35, '35', 'Houston', 'Texas', 'R2K 3S4', 'Canada', 'razemba_t@gmail.com', '2457854123', 'Navdeep.6', 'Growth Hacker | Serial Entrepreneur | Keynote Speaker | IoE expert | seeing possibilities where others see a full stop.', 'takudzwa_razemba', '2018-09-15 09:41:05', '0000-00-00 00:00:00', 0),
(2, 'Sakirat', 'Mahal', 24, 'sector 26', 'Chandigarh', 'Punjab', 'R2K 3S4', 'India', 'sakiratmahal84@gmail.com', '9874587456', 'Navdeep.6', 'Writing Blogs\r\nAnd posting my personal style', 'sakirat_mahal', '2018-09-15 09:41:05', '0000-00-00 00:00:00', 0),
(3, 'Yashica', 'Gupta', 23, '190', 'Goa', 'Goa', 'R2K 3S4', 'India', 'yashica@gmail.com', '9658741254', 'Navdeep.6', 'get Set Go fitness coach', 'yashica_gupta', '2018-09-15 09:41:05', '0000-00-00 00:00:00', 0),
(4, 'Batuhan', 'Yildiz', 35, '213-240 2nd st sw', 'Houston', 'MB', 'r0g 0b2', 'Canada', 'byildiz@gmail.com', '2045214785', 'Navdeep.6', 'A divorce lawyer by profession', 'batuhan_yildiz', '2018-09-15 09:41:05', '0000-00-00 00:00:00', 0),
(12, 'Navdeep', 'Dhindsa', 24, '1410-1150 Munroe Ave', 'Winnipeg', 'MB', 'R2K 3S4', 'Canada', 'nav@navdhindsa.com', '2044970094', '$2y$10$.PbtxXMZzEWvJ7OhFijNGOqTkwNGz9am2Kra/LrObnZv1fO5F/P5m', NULL, NULL, '2018-09-15 15:33:35', NULL, 1);
COMMIT;

/*!40101 SET CHARACTER_SET_CLIENT=@OLD_CHARACTER_SET_CLIENT */;
/*!40101 SET CHARACTER_SET_RESULTS=@OLD_CHARACTER_SET_RESULTS */;
/*!40101 SET COLLATION_CONNECTION=@OLD_COLLATION_CONNECTION */;
